id,username,first_name,last_name,email
1,Tanny Stennine,Tanny,Stennine,tstennine0@elpais.com
2,Tani Cragell,Tani,Cragell,tcragell1@ocn.ne.jp
3,Larina Sebborn,Larina,Sebborn,lsebborn2@simplemachines.org
4,Gardiner Paolozzi,Gardiner,Paolozzi,gpaolozzi3@pagesperso-orange.fr
5,Jemmy Hugett,Jemmy,Hugett,jhugett4@squidoo.com
6,Carmon Beringer,Carmon,Beringer,cberinger5@bloglines.com
7,Myrvyn Persey,Myrvyn,Persey,mpersey6@ycombinator.com
8,Andonis Spilsted,Andonis,Spilsted,aspilsted7@pcworld.com
9,Bessy Hopkynson,Bessy,Hopkynson,bhopkynson8@cdc.gov
10,Rochelle Desquesnes,Rochelle,Desquesnes,rdesquesnes9@mediafire.com
11,Honoria Videan,Honoria,Videan,hvideana@miitbeian.gov.cn
12,Darell Karlowicz,Darell,Karlowicz,dkarlowiczb@bigcartel.com
13,Kip Turmall,Kip,Turmall,kturmallc@google.ca
14,Slade Sackett,Slade,Sackett,ssackettd@smugmug.com
15,Murdock Whatley,Murdock,Whatley,mwhatleye@bbc.co.uk
16,Stephine Brockest,Stephine,Brockest,sbrockestf@redcross.org
17,Vyky Iacovacci,Vyky,Iacovacci,viacovaccig@nature.com
18,Siusan Goudie,Siusan,Goudie,sgoudieh@cbc.ca
19,Lacey Parley,Lacey,Parley,lparleyi@harvard.edu
20,Tessy Bertl,Tessy,Bertl,tbertlj@google.es
21,Laurella Dundredge,Laurella,Dundredge,ldundredgek@ycombinator.com
22,Sharleen Manuel,Sharleen,Manuel,smanuell@vinaora.com
23,Berry Fitzsimon,Berry,Fitzsimon,bfitzsimonm@phoca.cz
24,Tim Tomkies,Tim,Tomkies,ttomkiesn@weibo.com
25,Florance Venables,Florance,Venables,fvenableso@vimeo.com
26,Ferne Mc Meekin,Ferne,Mc Meekin,fmcp@geocities.jp
27,Abagail Fountaine,Abagail,Fountaine,afountaineq@nih.gov
28,Hashim Stourton,Hashim,Stourton,hstourtonr@cnn.com
29,Kaitlynn Drever,Kaitlynn,Drever,kdrevers@census.gov
30,Ninetta Kaplin,Ninetta,Kaplin,nkaplint@who.int
31,Evangeline Swalwell,Evangeline,Swalwell,eswalwellu@macromedia.com
32,Tricia Varley,Tricia,Varley,tvarleyv@example.com
33,Fairfax Izsak,Fairfax,Izsak,fizsakw@barnesandnoble.com
34,Inesita Hamblyn,Inesita,Hamblyn,ihamblynx@redcross.org
35,Callida Anthes,Callida,Anthes,canthesy@toplist.cz
36,Ida Nockells,Ida,Nockells,inockellsz@barnesandnoble.com
37,Beitris Hannaway,Beitris,Hannaway,bhannaway10@jugem.jp
38,Ebba Terlinden,Ebba,Terlinden,eterlinden11@sciencedirect.com
39,Ollie Raymont,Ollie,Raymont,oraymont12@pcworld.com
40,Freeland Maria,Freeland,Maria,fmaria13@bloglines.com
41,Opalina Cowterd,Opalina,Cowterd,ocowterd14@wix.com
42,Benni Barbe,Benni,Barbe,bbarbe15@sphinn.com
43,Caryl Riddlesden,Caryl,Riddlesden,criddlesden16@yahoo.co.jp
44,Joya Marchington,Joya,Marchington,jmarchington17@tumblr.com
45,Teri Gimblett,Teri,Gimblett,tgimblett18@360.cn
46,Lira Stapylton,Lira,Stapylton,lstapylton19@4shared.com
47,Kile Rowbotham,Kile,Rowbotham,krowbotham1a@networksolutions.com
48,Caryl Labbey,Caryl,Labbey,clabbey1b@baidu.com
49,Carroll Evreux,Carroll,Evreux,cevreux1c@webs.com
50,Mathilda MacAne,Mathilda,MacAne,mmacane1d@opensource.org
51,Nanny Gerg,Nanny,Gerg,ngerg1e@edublogs.org
52,Benedicto Jossum,Benedicto,Jossum,bjossum1f@bluehost.com
53,Dexter Bock,Dexter,Bock,dbock1g@cisco.com
54,Nonnah Tresvina,Nonnah,Tresvina,ntresvina1h@smugmug.com
55,Margaret Andrewartha,Margaret,Andrewartha,mandrewartha1i@independent.co.uk
56,Benedict Woolward,Benedict,Woolward,bwoolward1j@baidu.com
57,Frederik Bladder,Frederik,Bladder,fbladder1k@hp.com
58,Obed Findley,Obed,Findley,ofindley1l@nps.gov
59,Magdaia Tace,Magdaia,Tace,mtace1m@geocities.jp
60,Pia McFadzean,Pia,McFadzean,pmcfadzean1n@i2i.jp
61,Caryl Hendrix,Caryl,Hendrix,chendrix1o@netscape.com
62,Theo Tibb,Theo,Tibb,ttibb1p@foxnews.com
63,Xenia Ludgate,Xenia,Ludgate,xludgate1q@latimes.com
64,Mallory Decourcy,Mallory,Decourcy,mdecourcy1r@lulu.com
65,Ronna Chritchley,Ronna,Chritchley,rchritchley1s@lulu.com
66,Halie Churm,Halie,Churm,hchurm1t@economist.com
67,Bev Fairhead,Bev,Fairhead,bfairhead1u@home.pl
68,Joel Whittleton,Joel,Whittleton,jwhittleton1v@alexa.com
69,Carlynn Attenburrow,Carlynn,Attenburrow,cattenburrow1w@desdev.cn
70,Vinnie Hazart,Vinnie,Hazart,vhazart1x@seattletimes.com
71,Pia Cornock,Pia,Cornock,pcornock1y@goodreads.com
72,Freida Wheelan,Freida,Wheelan,fwheelan1z@yahoo.co.jp
73,Ruttger Sincock,Ruttger,Sincock,rsincock20@naver.com
74,Janeczka Skittrall,Janeczka,Skittrall,jskittrall21@t.co
75,Nathalia Worters,Nathalia,Worters,nworters22@tinyurl.com
76,Barbabra Davidovicz,Barbabra,Davidovicz,bdavidovicz23@themeforest.net
77,Jodi Tomaello,Jodi,Tomaello,jtomaello24@utexas.edu
78,Jacinta Ierland,Jacinta,Ierland,jierland25@theglobeandmail.com
79,Angel Merryweather,Angel,Merryweather,amerryweather26@usnews.com
80,Emmalynn Pepall,Emmalynn,Pepall,epepall27@imageshack.us
81,Jameson Haggerston,Jameson,Haggerston,jhaggerston28@t-online.de
82,Tammy Mars,Tammy,Mars,tmars29@wunderground.com
83,Cicely Lethbrig,Cicely,Lethbrig,clethbrig2a@hc360.com
84,Sheba Verna,Sheba,Verna,sverna2b@ehow.com
85,Jeannette Tilburn,Jeannette,Tilburn,jtilburn2c@godaddy.com
86,Eva Elmore,Eva,Elmore,eelmore2d@odnoklassniki.ru
87,Tait Tackes,Tait,Tackes,ttackes2e@tripod.com
88,Madison Tweddle,Madison,Tweddle,mtweddle2f@umich.edu
89,Clem Vell,Clem,Vell,cvell2g@tripod.com
90,Flossy Halle,Flossy,Halle,fhalle2h@dailymotion.com
91,Drusy Moreno,Drusy,Moreno,dmoreno2i@com.com
92,Stanly Risborough,Stanly,Risborough,srisborough2j@drupal.org
93,Alvinia Camoys,Alvinia,Camoys,acamoys2k@unicef.org
94,Ines Lyndon,Ines,Lyndon,ilyndon2l@usda.gov
95,Olive Androli,Olive,Androli,oandroli2m@rambler.ru
96,Pierce Raiston,Pierce,Raiston,praiston2n@free.fr
97,Farrel Derell,Farrel,Derell,fderell2o@ihg.com
98,Bud Arents,Bud,Arents,barents2p@nasa.gov
99,Jerald Widdows,Jerald,Widdows,jwiddows2q@weather.com
100,Kinnie Lembrick,Kinnie,Lembrick,klembrick2r@squarespace.com
101,Chere Bussens,Chere,Bussens,cbussens2s@usnews.com
102,Sibyl Enston,Sibyl,Enston,senston2t@lulu.com
103,Aldous Caulket,Aldous,Caulket,acaulket2u@a8.net
104,Carlota Densie,Carlota,Densie,cdensie2v@globo.com
105,Carly Thormann,Carly,Thormann,cthormann2w@photobucket.com
106,Alain Morot,Alain,Morot,amorot2x@networkadvertising.org
107,Merrily Standing,Merrily,Standing,mstanding2y@blogger.com
108,Colin Rowntree,Colin,Rowntree,crowntree2z@ft.com
109,Lisetta Ream,Lisetta,Ream,lream30@google.es
110,Rhett Giovannelli,Rhett,Giovannelli,rgiovannelli31@clickbank.net
111,Ingeborg Tanswell,Ingeborg,Tanswell,itanswell32@blog.com
112,Natalya Greave,Natalya,Greave,ngreave33@ibm.com
113,Alla Claiden,Alla,Claiden,aclaiden34@deliciousdays.com
114,Edita Grubey,Edita,Grubey,egrubey35@goodreads.com
115,Dorie Winfred,Dorie,Winfred,dwinfred36@indiegogo.com
116,Avram Wordley,Avram,Wordley,awordley37@cyberchimps.com
117,Kathleen Handke,Kathleen,Handke,khandke38@ftc.gov
118,Christyna Jaquest,Christyna,Jaquest,cjaquest39@wiley.com
119,Kristoforo Tourle,Kristoforo,Tourle,ktourle3a@prnewswire.com
120,Konstanze Jakubski,Konstanze,Jakubski,kjakubski3b@uol.com.br
121,Zelig Cominetti,Zelig,Cominetti,zcominetti3c@answers.com
122,Sal O'Hallagan,Sal,O'Hallagan,sohallagan3d@foxnews.com
123,Roderigo Aleshintsev,Roderigo,Aleshintsev,raleshintsev3e@ning.com
124,Gabey Triplet,Gabey,Triplet,gtriplet3f@berkeley.edu
125,Andras Lear,Andras,Lear,alear3g@cornell.edu
126,Aldwin Southard,Aldwin,Southard,asouthard3h@howstuffworks.com
127,Tonnie Longstaffe,Tonnie,Longstaffe,tlongstaffe3i@etsy.com
128,Tito McDaid,Tito,McDaid,tmcdaid3j@narod.ru
129,Tobye Trainer,Tobye,Trainer,ttrainer3k@tamu.edu
130,Herb Rampling,Herb,Rampling,hrampling3l@rakuten.co.jp
131,Hillie Spray,Hillie,Spray,hspray3m@buzzfeed.com
132,Sherwin Filer,Sherwin,Filer,sfiler3n@shinystat.com
133,Ab Bygate,Ab,Bygate,abygate3o@tinypic.com
134,Cass Palumbo,Cass,Palumbo,cpalumbo3p@japanpost.jp
135,Cecile Stocken,Cecile,Stocken,cstocken3q@vk.com
136,Ravi Rattry,Ravi,Rattry,rrattry3r@godaddy.com
137,Birch Keble,Birch,Keble,bkeble3s@so-net.ne.jp
138,Chauncey South,Chauncey,South,csouth3t@google.it
139,Huntley Lavigne,Huntley,Lavigne,hlavigne3u@thetimes.co.uk
140,Yank Milbourne,Yank,Milbourne,ymilbourne3v@npr.org
141,Marlane Muris,Marlane,Muris,mmuris3w@myspace.com
142,Donalt Dunhill,Donalt,Dunhill,ddunhill3x@uiuc.edu
143,James Lunck,James,Lunck,jlunck3y@narod.ru
144,Franklyn Bedrosian,Franklyn,Bedrosian,fbedrosian3z@yale.edu
145,Godfrey Swinnard,Godfrey,Swinnard,gswinnard40@vistaprint.com
146,Lissie McCreedy,Lissie,McCreedy,lmccreedy41@washington.edu
147,Davie Khristyukhin,Davie,Khristyukhin,dkhristyukhin42@oakley.com
148,Jorgan Fairest,Jorgan,Fairest,jfairest43@mozilla.org
149,Tracie Halksworth,Tracie,Halksworth,thalksworth44@twitter.com
150,Davy Dressel,Davy,Dressel,ddressel45@slashdot.org
151,Norri Wederell,Norri,Wederell,nwederell46@google.com
152,Denni Blanche,Denni,Blanche,dblanche47@yolasite.com
153,Lacie Russ,Lacie,Russ,lruss48@sun.com
154,Hyman Fladgate,Hyman,Fladgate,hfladgate49@adobe.com
155,Emmaline Wannop,Emmaline,Wannop,ewannop4a@myspace.com
156,Mariette Pafford,Mariette,Pafford,mpafford4b@patch.com
157,Parke Spinige,Parke,Spinige,pspinige4c@php.net
158,Tessie Shrieves,Tessie,Shrieves,tshrieves4d@hibu.com
159,Olenolin Gruczka,Olenolin,Gruczka,ogruczka4e@salon.com
160,Heida Szymonowicz,Heida,Szymonowicz,hszymonowicz4f@acquirethisname.com
161,Marshal Peter,Marshal,Peter,mpeter4g@typepad.com
162,Valera Peacey,Valera,Peacey,vpeacey4h@oracle.com
163,Willem Oneile,Willem,Oneile,woneile4i@domainmarket.com
164,Donia Wearne,Donia,Wearne,dwearne4j@miibeian.gov.cn
165,Manon Kubista,Manon,Kubista,mkubista4k@boston.com
166,Quinlan Bennen,Quinlan,Bennen,qbennen4l@washington.edu
167,Tann Neem,Tann,Neem,tneem4m@nature.com
168,Pancho Blencoe,Pancho,Blencoe,pblencoe4n@geocities.jp
169,Ninnetta O'Kennedy,Ninnetta,O'Kennedy,nokennedy4o@house.gov
170,Krystalle Danels,Krystalle,Danels,kdanels4p@businessweek.com
171,Gilberto Garfoot,Gilberto,Garfoot,ggarfoot4q@dell.com
172,Shaun Harbar,Shaun,Harbar,sharbar4r@wikispaces.com
173,Aldwin Ledgerton,Aldwin,Ledgerton,aledgerton4s@vinaora.com
174,Hortense Trump,Hortense,Trump,htrump4t@simplemachines.org
175,Hedwiga Wakeley,Hedwiga,Wakeley,hwakeley4u@skype.com
176,Karlie Dowman,Karlie,Dowman,kdowman4v@wufoo.com
177,Noelani Privett,Noelani,Privett,nprivett4w@google.com.br
178,Arlen Pont,Arlen,Pont,apont4x@intel.com
179,Alethea Walding,Alethea,Walding,awalding4y@imgur.com
180,Claude Gniewosz,Claude,Gniewosz,cgniewosz4z@bbb.org
181,Lillis Powlesland,Lillis,Powlesland,lpowlesland50@alibaba.com
182,Hubie Babidge,Hubie,Babidge,hbabidge51@webeden.co.uk
183,Hewie Kinnaird,Hewie,Kinnaird,hkinnaird52@columbia.edu
184,Florian McDavitt,Florian,McDavitt,fmcdavitt53@feedburner.com
185,Heidi Ruthen,Heidi,Ruthen,hruthen54@squarespace.com
186,Benjy Fleckney,Benjy,Fleckney,bfleckney55@eventbrite.com
187,Owen Rodmell,Owen,Rodmell,orodmell56@sciencedaily.com
188,Toni Davis,Toni,Davis,tdavis57@geocities.jp
189,Anson Bosward,Anson,Bosward,abosward58@msu.edu
190,Wallis Rolstone,Wallis,Rolstone,wrolstone59@cloudflare.com
191,Kenn Soulsby,Kenn,Soulsby,ksoulsby5a@globo.com
192,Tobye Benaine,Tobye,Benaine,tbenaine5b@icq.com
193,Berke Pulver,Berke,Pulver,bpulver5c@wikipedia.org
194,Halsey Maith,Halsey,Maith,hmaith5d@ning.com
195,Isak Le Claire,Isak,Le Claire,ile5e@plala.or.jp
196,Nicola Lumsdon,Nicola,Lumsdon,nlumsdon5f@aboutads.info
197,Corabella O'Hannen,Corabella,O'Hannen,cohannen5g@123-reg.co.uk
198,Arni Ellesworthe,Arni,Ellesworthe,aellesworthe5h@miibeian.gov.cn
199,Camel Cowlam,Camel,Cowlam,ccowlam5i@oakley.com
200,Ives MacCoughen,Ives,MacCoughen,imaccoughen5j@yelp.com
201,Abraham Clutterbuck,Abraham,Clutterbuck,aclutterbuck5k@4shared.com
202,Willey Pesik,Willey,Pesik,wpesik5l@scientificamerican.com
203,Hubie Ismay,Hubie,Ismay,hismay5m@goo.gl
204,Cyndi Goodbar,Cyndi,Goodbar,cgoodbar5n@cpanel.net
205,Elli Jarlmann,Elli,Jarlmann,ejarlmann5o@mit.edu
206,Breena McMurray,Breena,McMurray,bmcmurray5p@bloglines.com
207,Lance Tomich,Lance,Tomich,ltomich5q@patch.com
208,Clary Ayrs,Clary,Ayrs,cayrs5r@google.com.hk
209,Rosemaria Pirkis,Rosemaria,Pirkis,rpirkis5s@twitpic.com
210,Cecilia Kalinke,Cecilia,Kalinke,ckalinke5t@ovh.net
211,Alidia O' Brian,Alidia,O' Brian,ao5u@blogs.com
212,Charlie Ficken,Charlie,Ficken,cficken5v@buzzfeed.com
213,Gale Cecchetelli,Gale,Cecchetelli,gcecchetelli5w@slashdot.org
214,Colin Philipson,Colin,Philipson,cphilipson5x@chicagotribune.com
215,Hetty Causer,Hetty,Causer,hcauser5y@godaddy.com
216,Randi Kielty,Randi,Kielty,rkielty5z@sbwire.com
217,Marjy Billion,Marjy,Billion,mbillion60@abc.net.au
218,Maud Bickerdike,Maud,Bickerdike,mbickerdike61@google.pl
219,Garey Pusill,Garey,Pusill,gpusill62@huffingtonpost.com
220,Clim Lassell,Clim,Lassell,classell63@ucsd.edu
221,Sibelle Bore,Sibelle,Bore,sbore64@soundcloud.com
222,Briggs Hoodlass,Briggs,Hoodlass,bhoodlass65@elpais.com
223,Torey Lindsay,Torey,Lindsay,tlindsay66@sfgate.com
224,Maje Copeman,Maje,Copeman,mcopeman67@ucsd.edu
225,Levy Nyssens,Levy,Nyssens,lnyssens68@npr.org
226,Fredia Sturton,Fredia,Sturton,fsturton69@ftc.gov
227,Imogene Gulleford,Imogene,Gulleford,igulleford6a@netlog.com
228,Deena Potticary,Deena,Potticary,dpotticary6b@springer.com
229,Berry Hunnybun,Berry,Hunnybun,bhunnybun6c@51.la
230,Melosa Deeming,Melosa,Deeming,mdeeming6d@purevolume.com
231,Drugi Edlestone,Drugi,Edlestone,dedlestone6e@g.co
232,Tynan Deeth,Tynan,Deeth,tdeeth6f@lulu.com
233,Farand Rielly,Farand,Rielly,frielly6g@state.tx.us
234,Alvina Doley,Alvina,Doley,adoley6h@github.com
235,Saunderson Mocker,Saunderson,Mocker,smocker6i@ucla.edu
236,Kevyn Kolak,Kevyn,Kolak,kkolak6j@usnews.com
237,Sheelah Scullion,Sheelah,Scullion,sscullion6k@pcworld.com
238,Tanney McLachlan,Tanney,McLachlan,tmclachlan6l@google.it
239,Megan Habble,Megan,Habble,mhabble6m@angelfire.com
240,Dolf Waumsley,Dolf,Waumsley,dwaumsley6n@com.com
241,Ardath Handrahan,Ardath,Handrahan,ahandrahan6o@netvibes.com
242,Margaretha Duly,Margaretha,Duly,mduly6p@ed.gov
243,Dill Brettor,Dill,Brettor,dbrettor6q@dion.ne.jp
244,Filberte Boyett,Filberte,Boyett,fboyett6r@arstechnica.com
245,Aubry Presman,Aubry,Presman,apresman6s@nifty.com
246,Cchaddie Kenningham,Cchaddie,Kenningham,ckenningham6t@cargocollective.com
247,Hershel Glanz,Hershel,Glanz,hglanz6u@furl.net
248,Harmon Guerin,Harmon,Guerin,hguerin6v@icio.us
249,Ingaborg MacKenny,Ingaborg,MacKenny,imackenny6w@vkontakte.ru
250,Delbert Viggers,Delbert,Viggers,dviggers6x@oaic.gov.au
251,Suzie Robers,Suzie,Robers,srobers6y@e-recht24.de
252,Katti Strafen,Katti,Strafen,kstrafen6z@cornell.edu
253,Josiah Kubicek,Josiah,Kubicek,jkubicek70@stumbleupon.com
254,Banky Gutans,Banky,Gutans,bgutans71@bizjournals.com
255,Demetre Aitken,Demetre,Aitken,daitken72@oaic.gov.au
256,Jacobo Walliker,Jacobo,Walliker,jwalliker73@oracle.com
257,Bowie Grassick,Bowie,Grassick,bgrassick74@123-reg.co.uk
258,Brier Aldritt,Brier,Aldritt,baldritt75@businesswire.com
259,Hester Fliege,Hester,Fliege,hfliege76@aboutads.info
260,Jilli Fernandes,Jilli,Fernandes,jfernandes77@businessweek.com
261,Kathleen Chart,Kathleen,Chart,kchart78@foxnews.com
262,Derrick Lardner,Derrick,Lardner,dlardner79@stumbleupon.com
263,Brett Ashmore,Brett,Ashmore,bashmore7a@multiply.com
264,Yurik Embury,Yurik,Embury,yembury7b@answers.com
265,Bartholomeus Oades,Bartholomeus,Oades,boades7c@hostgator.com
266,Dionysus McCreath,Dionysus,McCreath,dmccreath7d@scribd.com
267,Terza Kanter,Terza,Kanter,tkanter7e@howstuffworks.com
268,Nessy Nisbet,Nessy,Nisbet,nnisbet7f@epa.gov
269,Merv Barrowclough,Merv,Barrowclough,mbarrowclough7g@elpais.com
270,Wallie Insko,Wallie,Insko,winsko7h@psu.edu
271,Freddie Jaquet,Freddie,Jaquet,fjaquet7i@example.com
272,Dieter Holleran,Dieter,Holleran,dholleran7j@addthis.com
273,Lotti Nethercott,Lotti,Nethercott,lnethercott7k@cdbaby.com
274,Claudio Berringer,Claudio,Berringer,cberringer7l@google.ca
275,Torrance Topp,Torrance,Topp,ttopp7m@springer.com
276,Madelyn Flewan,Madelyn,Flewan,mflewan7n@eepurl.com
277,Julius Robyns,Julius,Robyns,jrobyns7o@ox.ac.uk
278,Kimberly Mair,Kimberly,Mair,kmair7p@wordpress.org
279,Daniela Sazio,Daniela,Sazio,dsazio7q@facebook.com
280,Ninnette Lenney,Ninnette,Lenney,nlenney7r@mayoclinic.com
281,Marie-jeanne Webby,Marie-jeanne,Webby,mwebby7s@archive.org
282,Harland Kesey,Harland,Kesey,hkesey7t@miitbeian.gov.cn
283,Miguelita Gregoletti,Miguelita,Gregoletti,mgregoletti7u@ycombinator.com
284,Jessika Carpe,Jessika,Carpe,jcarpe7v@tumblr.com
285,Salomo Klimkin,Salomo,Klimkin,sklimkin7w@printfriendly.com
286,Belle Meenehan,Belle,Meenehan,bmeenehan7x@google.pl
287,Esme Setterington,Esme,Setterington,esetterington7y@amazon.co.jp
288,Clarisse Rochester,Clarisse,Rochester,crochester7z@addtoany.com
289,Warner Nevitt,Warner,Nevitt,wnevitt80@state.gov
290,Deva Klimczak,Deva,Klimczak,dklimczak81@biblegateway.com
291,Arv Insko,Arv,Insko,ainsko82@ebay.co.uk
292,Chen Streatfeild,Chen,Streatfeild,cstreatfeild83@blogtalkradio.com
293,Justen Wissbey,Justen,Wissbey,jwissbey84@statcounter.com
294,Paulie Helliar,Paulie,Helliar,phelliar85@usda.gov
295,Prinz Langford,Prinz,Langford,plangford86@redcross.org
296,Melina Dashper,Melina,Dashper,mdashper87@theglobeandmail.com
297,Fredrika Learmount,Fredrika,Learmount,flearmount88@army.mil
298,Xaviera Bazek,Xaviera,Bazek,xbazek89@omniture.com
299,Dorelia Arnault,Dorelia,Arnault,darnault8a@naver.com
300,June Sworder,June,Sworder,jsworder8b@businesswire.com
301,Drucy McGarahan,Drucy,McGarahan,dmcgarahan8c@phpbb.com
302,Sharai Card,Sharai,Card,scard8d@chronoengine.com
303,Sheila Ellins,Sheila,Ellins,sellins8e@nih.gov
304,Hephzibah Daile,Hephzibah,Daile,hdaile8f@columbia.edu
305,Nancy Gierardi,Nancy,Gierardi,ngierardi8g@latimes.com
306,Corabella Hillyatt,Corabella,Hillyatt,chillyatt8h@feedburner.com
307,Barrett Cordle,Barrett,Cordle,bcordle8i@webeden.co.uk
308,Hercules Grealey,Hercules,Grealey,hgrealey8j@kickstarter.com
309,Rubetta Duetsche,Rubetta,Duetsche,rduetsche8k@java.com
310,Mauricio Bettesworth,Mauricio,Bettesworth,mbettesworth8l@omniture.com
311,Janela Egginton,Janela,Egginton,jegginton8m@baidu.com
312,Lynda Donohoe,Lynda,Donohoe,ldonohoe8n@ibm.com
313,Parnell Brito,Parnell,Brito,pbrito8o@loc.gov
314,Appolonia Callacher,Appolonia,Callacher,acallacher8p@amazon.co.jp
315,Eveleen Braybrook,Eveleen,Braybrook,ebraybrook8q@about.com
316,Trstram Swindells,Trstram,Swindells,tswindells8r@youtu.be
317,Melosa Bettlestone,Melosa,Bettlestone,mbettlestone8s@arizona.edu
318,Shae Synder,Shae,Synder,ssynder8t@census.gov
319,Jessica McCritichie,Jessica,McCritichie,jmccritichie8u@posterous.com
320,Tara Beedie,Tara,Beedie,tbeedie8v@oaic.gov.au
321,Marjory Richmond,Marjory,Richmond,mrichmond8w@ask.com
322,Milena Gainsbury,Milena,Gainsbury,mgainsbury8x@netvibes.com
323,Washington Avon,Washington,Avon,wavon8y@biblegateway.com
324,Saudra Byart,Saudra,Byart,sbyart8z@washington.edu
325,Martynne Penddreth,Martynne,Penddreth,mpenddreth90@ask.com
326,Ephrem Ruppert,Ephrem,Ruppert,eruppert91@shop-pro.jp
327,Kippar Roston,Kippar,Roston,kroston92@foxnews.com
328,Klemens Smittoune,Klemens,Smittoune,ksmittoune93@nationalgeographic.com
329,Yuri Aykroyd,Yuri,Aykroyd,yaykroyd94@facebook.com
330,Dorotea Campo,Dorotea,Campo,dcampo95@comsenz.com
331,Morty Champkins,Morty,Champkins,mchampkins96@bing.com
332,Lacie Aizikovich,Lacie,Aizikovich,laizikovich97@nydailynews.com
333,Daniella Le Marchand,Daniella,Le Marchand,dle98@com.com
334,Phylis Ribchester,Phylis,Ribchester,pribchester99@squarespace.com
335,Marleen Life,Marleen,Life,mlife9a@apache.org
336,Dorey Duffus,Dorey,Duffus,dduffus9b@cpanel.net
337,Liesa Tatters,Liesa,Tatters,ltatters9c@pen.io
338,Granny Holdey,Granny,Holdey,gholdey9d@blinklist.com
339,Octavia Momery,Octavia,Momery,omomery9e@hc360.com
340,Christen Veld,Christen,Veld,cveld9f@quantcast.com
341,Cissy Snadden,Cissy,Snadden,csnadden9g@nyu.edu
342,Crichton Galliard,Crichton,Galliard,cgalliard9h@gizmodo.com
343,Giustino Conrart,Giustino,Conrart,gconrart9i@bluehost.com
344,Derby Maddicks,Derby,Maddicks,dmaddicks9j@msn.com
345,Anabal Puller,Anabal,Puller,apuller9k@cnn.com
346,Britte Stoeckle,Britte,Stoeckle,bstoeckle9l@wsj.com
347,Sadie Posnett,Sadie,Posnett,sposnett9m@topsy.com
348,Herc Kaser,Herc,Kaser,hkaser9n@wiley.com
349,Igor Croutear,Igor,Croutear,icroutear9o@elegantthemes.com
350,Marja Norvell,Marja,Norvell,mnorvell9p@economist.com
351,Wynny Pidwell,Wynny,Pidwell,wpidwell9q@apple.com
352,Skipper Normansell,Skipper,Normansell,snormansell9r@ucoz.com
353,Mabelle Lennie,Mabelle,Lennie,mlennie9s@jigsy.com
354,Norah Stilldale,Norah,Stilldale,nstilldale9t@de.vu
355,Cindy Leisman,Cindy,Leisman,cleisman9u@ocn.ne.jp
356,Luz Bardsley,Luz,Bardsley,lbardsley9v@ifeng.com
357,Henry Stickins,Henry,Stickins,hstickins9w@hibu.com
358,Berty Winterflood,Berty,Winterflood,bwinterflood9x@geocities.com
359,Linn Coste,Linn,Coste,lcoste9y@ihg.com
360,Petey Silverton,Petey,Silverton,psilverton9z@redcross.org
361,Shermy Buxcy,Shermy,Buxcy,sbuxcya0@360.cn
362,Jordain Rehm,Jordain,Rehm,jrehma1@opensource.org
363,Mischa O'Heagertie,Mischa,O'Heagertie,moheagertiea2@4shared.com
364,Rossy Ayers,Rossy,Ayers,rayersa3@ucoz.ru
365,Philip Battin,Philip,Battin,pbattina4@epa.gov
366,Kyle Teaz,Kyle,Teaz,kteaza5@infoseek.co.jp
367,Emeline Ofener,Emeline,Ofener,eofenera6@yahoo.com
368,Jenny Marcombe,Jenny,Marcombe,jmarcombea7@java.com
369,Korrie Stallan,Korrie,Stallan,kstallana8@sina.com.cn
370,Zeb Hunting,Zeb,Hunting,zhuntinga9@behance.net
371,Kerr Curnucke,Kerr,Curnucke,kcurnuckeaa@washingtonpost.com
372,Rebecca Deetch,Rebecca,Deetch,rdeetchab@facebook.com
373,Jena Fozard,Jena,Fozard,jfozardac@altervista.org
374,Anabelle Skerratt,Anabelle,Skerratt,askerrattad@shop-pro.jp
375,Colby Beckham,Colby,Beckham,cbeckhamae@ebay.co.uk
376,Geneva Parminter,Geneva,Parminter,gparminteraf@purevolume.com
377,Tiphanie Adey,Tiphanie,Adey,tadeyag@tmall.com
378,Ryan Wither,Ryan,Wither,rwitherah@fotki.com
379,Ardelia Coughan,Ardelia,Coughan,acoughanai@nationalgeographic.com
380,Horace Audritt,Horace,Audritt,haudrittaj@globo.com
381,Joelynn Pyrke,Joelynn,Pyrke,jpyrkeak@aol.com
382,Giovanni Habishaw,Giovanni,Habishaw,ghabishawal@hexun.com
383,Heindrick Putley,Heindrick,Putley,hputleyam@unicef.org
384,Taber Handscomb,Taber,Handscomb,thandscomban@hubpages.com
385,Cliff Treweke,Cliff,Treweke,ctrewekeao@illinois.edu
386,Lebbie Elrick,Lebbie,Elrick,lelrickap@vistaprint.com
387,Leopold Shergold,Leopold,Shergold,lshergoldaq@topsy.com
388,Drucill Glasson,Drucill,Glasson,dglassonar@bigcartel.com
389,Mari Castagnet,Mari,Castagnet,mcastagnetas@odnoklassniki.ru
390,Joellyn Mawer,Joellyn,Mawer,jmawerat@samsung.com
391,Innis Bonafant,Innis,Bonafant,ibonafantau@sohu.com
392,Gwendolen Leversha,Gwendolen,Leversha,glevershaav@foxnews.com
393,Shelton Gully,Shelton,Gully,sgullyaw@fema.gov
394,Willey Macias,Willey,Macias,wmaciasax@cdc.gov
395,Row Luno,Row,Luno,rlunoay@ehow.com
396,Wenda Weatherburn,Wenda,Weatherburn,wweatherburnaz@loc.gov
397,Barbe Behnecke,Barbe,Behnecke,bbehneckeb0@bbb.org
398,Shirlene Bromet,Shirlene,Bromet,sbrometb1@com.com
399,Tyson Tackell,Tyson,Tackell,ttackellb2@cdbaby.com
400,Adora Ogelsby,Adora,Ogelsby,aogelsbyb3@hp.com
401,Alard Erskine,Alard,Erskine,aerskineb4@mapy.cz
402,Pattie Chadbourne,Pattie,Chadbourne,pchadbourneb5@lulu.com
403,Martita Strode,Martita,Strode,mstrodeb6@berkeley.edu
404,Amory Geipel,Amory,Geipel,ageipelb7@sitemeter.com
405,Sharia Millen,Sharia,Millen,smillenb8@storify.com
406,Reynold Kermath,Reynold,Kermath,rkermathb9@usgs.gov
407,Ethelin Macenzy,Ethelin,Macenzy,emacenzyba@so-net.ne.jp
408,Angie Joddens,Angie,Joddens,ajoddensbb@cbsnews.com
409,Neysa McCurley,Neysa,McCurley,nmccurleybc@vk.com
410,Esther Gasnell,Esther,Gasnell,egasnellbd@cnbc.com
411,Kellsie Sword,Kellsie,Sword,kswordbe@sun.com
412,Morgan Newlan,Morgan,Newlan,mnewlanbf@mozilla.org
413,Korry Kirlin,Korry,Kirlin,kkirlinbg@china.com.cn
414,Charity O' Bee,Charity,O' Bee,cobh@ucsd.edu
415,Sherill Eagell,Sherill,Eagell,seagellbi@freewebs.com
416,Lilly Tschierse,Lilly,Tschierse,ltschiersebj@army.mil
417,Brock Kempstone,Brock,Kempstone,bkempstonebk@samsung.com
418,Bradford Clendennen,Bradford,Clendennen,bclendennenbl@csmonitor.com
419,Alissa Surgison,Alissa,Surgison,asurgisonbm@a8.net
420,Yvonne Labin,Yvonne,Labin,ylabinbn@exblog.jp
421,Ricki Strippel,Ricki,Strippel,rstrippelbo@nationalgeographic.com
422,Munroe Taree,Munroe,Taree,mtareebp@paypal.com
423,Cassie Fulk,Cassie,Fulk,cfulkbq@paginegialle.it
424,Elliott Smithyman,Elliott,Smithyman,esmithymanbr@yellowpages.com
425,Annemarie Akitt,Annemarie,Akitt,aakittbs@adobe.com
426,Ophelie Preskett,Ophelie,Preskett,opreskettbt@thetimes.co.uk
427,Elvira Lutz,Elvira,Lutz,elutzbu@parallels.com
428,Fidelio Loren,Fidelio,Loren,florenbv@over-blog.com
429,Jerry McBay,Jerry,McBay,jmcbaybw@xrea.com
430,Vernon Penley,Vernon,Penley,vpenleybx@joomla.org
431,Killy Simonot,Killy,Simonot,ksimonotby@fc2.com
432,Miner Tolussi,Miner,Tolussi,mtolussibz@icio.us
433,Alvinia Sellors,Alvinia,Sellors,asellorsc0@odnoklassniki.ru
434,Trip Barnhart,Trip,Barnhart,tbarnhartc1@nps.gov
435,Boot Cudby,Boot,Cudby,bcudbyc2@theguardian.com
436,Wat Czyz,Wat,Czyz,wczyzc3@ucsd.edu
437,Winonah Velten,Winonah,Velten,wveltenc4@wisc.edu
438,Harriett Champneys,Harriett,Champneys,hchampneysc5@economist.com
439,Hannie Seamer,Hannie,Seamer,hseamerc6@ebay.co.uk
440,Viki O'Meara,Viki,O'Meara,vomearac7@rediff.com
441,Iorgo Chasles,Iorgo,Chasles,ichaslesc8@msu.edu
442,Roanna Willett,Roanna,Willett,rwillettc9@diigo.com
443,Marja Ruddlesden,Marja,Ruddlesden,mruddlesdenca@sciencedaily.com
444,Pamella Pie,Pamella,Pie,ppiecb@shinystat.com
445,Klemens Causnett,Klemens,Causnett,kcausnettcc@uol.com.br
446,Nero Kagan,Nero,Kagan,nkagancd@nps.gov
447,Leodora Harby,Leodora,Harby,lharbyce@miibeian.gov.cn
448,Audry Portugal,Audry,Portugal,aportugalcf@omniture.com
449,Artie Cottee,Artie,Cottee,acotteecg@umich.edu
450,Lishe Turneaux,Lishe,Turneaux,lturneauxch@hibu.com
451,Michaella Botterman,Michaella,Botterman,mbottermanci@clickbank.net
452,Faustine Howman,Faustine,Howman,fhowmancj@cam.ac.uk
453,Wendy Aubray,Wendy,Aubray,waubrayck@dropbox.com
454,Umberto McGurn,Umberto,McGurn,umcgurncl@wisc.edu
455,Kipper Kiddye,Kipper,Kiddye,kkiddyecm@4shared.com
456,Antonella Scotchmoor,Antonella,Scotchmoor,ascotchmoorcn@163.com
457,Bone Rispin,Bone,Rispin,brispinco@pcworld.com
458,Georgina Cohalan,Georgina,Cohalan,gcohalancp@hugedomains.com
459,Honor Tremouille,Honor,Tremouille,htremouillecq@comcast.net
460,Inglis Rosso,Inglis,Rosso,irossocr@sitemeter.com
461,Tandi Aucott,Tandi,Aucott,taucottcs@icq.com
462,Lindi Martinets,Lindi,Martinets,lmartinetsct@newyorker.com
463,Papageno Heppenspall,Papageno,Heppenspall,pheppenspallcu@odnoklassniki.ru
464,Correy Side,Correy,Side,csidecv@noaa.gov
465,Udale Kirvell,Udale,Kirvell,ukirvellcw@cdc.gov
466,Elicia Blakes,Elicia,Blakes,eblakescx@sbwire.com
467,Edwina Twinn,Edwina,Twinn,etwinncy@xing.com
468,Chen Tutt,Chen,Tutt,ctuttcz@shinystat.com
469,Sigismund Diffley,Sigismund,Diffley,sdiffleyd0@printfriendly.com
470,Mitzi Tremeer,Mitzi,Tremeer,mtremeerd1@yahoo.com
471,Dionne MacCafferky,Dionne,MacCafferky,dmaccafferkyd2@dot.gov
472,Yehudi Livings,Yehudi,Livings,ylivingsd3@cisco.com
473,Delilah McBrearty,Delilah,McBrearty,dmcbreartyd4@i2i.jp
474,Lorraine Lammerding,Lorraine,Lammerding,llammerdingd5@salon.com
475,Tann Arboin,Tann,Arboin,tarboind6@archive.org
476,Lockwood Addeycott,Lockwood,Addeycott,laddeycottd7@wikia.com
477,Diena Ide,Diena,Ide,dided8@nps.gov
478,Carney Eckhard,Carney,Eckhard,ceckhardd9@npr.org
479,Bellanca Bold,Bellanca,Bold,bboldda@mac.com
480,Erinna Witherby,Erinna,Witherby,ewitherbydb@diigo.com
481,Roda Faunt,Roda,Faunt,rfauntdc@earthlink.net
482,Bennett Fuller,Bennett,Fuller,bfullerdd@printfriendly.com
483,Antin Balk,Antin,Balk,abalkde@g.co
484,Faber Calderbank,Faber,Calderbank,fcalderbankdf@xrea.com
485,Frederico Lemar,Frederico,Lemar,flemardg@tinyurl.com
486,Jobyna Rate,Jobyna,Rate,jratedh@intel.com
487,Ferris Willimott,Ferris,Willimott,fwillimottdi@twitter.com
488,Dyann Petteford,Dyann,Petteford,dpetteforddj@toplist.cz
489,Mollee Phalip,Mollee,Phalip,mphalipdk@washingtonpost.com
490,Norene Karpe,Norene,Karpe,nkarpedl@oracle.com
491,Alex Cluitt,Alex,Cluitt,acluittdm@theglobeandmail.com
492,Celia Jezard,Celia,Jezard,cjezarddn@webnode.com
493,Lurlene Leward,Lurlene,Leward,llewarddo@fotki.com
494,Kendell Tomicki,Kendell,Tomicki,ktomickidp@instagram.com
495,Rand Vickery,Rand,Vickery,rvickerydq@apache.org
496,Filberte Golagley,Filberte,Golagley,fgolagleydr@house.gov
497,Kimberley Duckworth,Kimberley,Duckworth,kduckworthds@gnu.org
498,Kev Ferie,Kev,Ferie,kferiedt@wisc.edu
499,Zacharie Yarnold,Zacharie,Yarnold,zyarnolddu@purevolume.com
500,Dora Penelli,Dora,Penelli,dpenellidv@reference.com
501,Maryjo Pullan,Maryjo,Pullan,mpullandw@vimeo.com
502,Othelia Bowshire,Othelia,Bowshire,obowshiredx@bloglovin.com
503,Kelcey Sparrowhawk,Kelcey,Sparrowhawk,ksparrowhawkdy@freewebs.com
504,Toma Rosenthaler,Toma,Rosenthaler,trosenthalerdz@github.com
505,Mitchael Goggins,Mitchael,Goggins,mgogginse0@homestead.com
506,Bathsheba Brucker,Bathsheba,Brucker,bbruckere1@discovery.com
507,Delphine Overy,Delphine,Overy,doverye2@multiply.com
508,Vally Iacobini,Vally,Iacobini,viacobinie3@senate.gov
509,Cleveland Speere,Cleveland,Speere,cspeeree4@w3.org
510,Chloette Guerin,Chloette,Guerin,cguerine5@sciencedaily.com
511,Danni Dakhno,Danni,Dakhno,ddakhnoe6@bravesites.com
512,Price Lindenman,Price,Lindenman,plindenmane7@reddit.com
513,Illa Pheasey,Illa,Pheasey,ipheaseye8@nps.gov
514,Dyana Jowitt,Dyana,Jowitt,djowitte9@loc.gov
515,Giovanni Rey,Giovanni,Rey,greyea@soundcloud.com
516,Herve Minerdo,Herve,Minerdo,hminerdoeb@toplist.cz
517,Pedro Cromleholme,Pedro,Cromleholme,pcromleholmeec@netscape.com
518,Emmy Dalli,Emmy,Dalli,edallied@bing.com
519,Jasmin Bretherick,Jasmin,Bretherick,jbretherickee@unblog.fr
520,Darleen Gilkison,Darleen,Gilkison,dgilkisonef@booking.com
521,Danie Chrstine,Danie,Chrstine,dchrstineeg@g.co
522,Millie Haversum,Millie,Haversum,mhaversumeh@ebay.co.uk
523,Niels Thrower,Niels,Thrower,nthrowerei@gov.uk
524,Steve Kain,Steve,Kain,skainej@sphinn.com
525,Pattie Marchent,Pattie,Marchent,pmarchentek@t-online.de
526,Isaiah Heinreich,Isaiah,Heinreich,iheinreichel@wikimedia.org
527,Kermy Wadmore,Kermy,Wadmore,kwadmoreem@apache.org
528,Florella Askham,Florella,Askham,faskhamen@miibeian.gov.cn
529,Gweneth Reid,Gweneth,Reid,greideo@msu.edu
530,Dominik Avieson,Dominik,Avieson,daviesonep@nyu.edu
531,Panchito Knok,Panchito,Knok,pknokeq@cbsnews.com
532,Devonne Nucci,Devonne,Nucci,dnuccier@nba.com
533,Heidie Gwatkins,Heidie,Gwatkins,hgwatkinses@about.com
534,Klaus Croneen,Klaus,Croneen,kcroneenet@yahoo.com
535,Emilia Taffee,Emilia,Taffee,etaffeeeu@java.com
536,Winslow Rowly,Winslow,Rowly,wrowlyev@sphinn.com
537,Michael Whittick,Michael,Whittick,mwhittickew@vistaprint.com
538,Jennifer Southan,Jennifer,Southan,jsouthanex@harvard.edu
539,Ruthann MattiCCI,Ruthann,MattiCCI,rmatticciey@bluehost.com
540,Gleda Long,Gleda,Long,glongez@pbs.org
541,Jacky Klimek,Jacky,Klimek,jklimekf0@yale.edu
542,Adelind Maddra,Adelind,Maddra,amaddraf1@youtu.be
543,Elisha Speck,Elisha,Speck,especkf2@toplist.cz
544,Gherardo Gonthard,Gherardo,Gonthard,ggonthardf3@indiegogo.com
545,Marty Milborn,Marty,Milborn,mmilbornf4@microsoft.com
546,Gilligan Harring,Gilligan,Harring,gharringf5@pbs.org
547,Madalyn Batt,Madalyn,Batt,mbattf6@wordpress.org
548,Mandel Dripp,Mandel,Dripp,mdrippf7@buzzfeed.com
549,Danice Baron,Danice,Baron,dbaronf8@hp.com
550,Marlane MacAlister,Marlane,MacAlister,mmacalisterf9@blogs.com
551,Sauncho Dupoy,Sauncho,Dupoy,sdupoyfa@ustream.tv
552,Bink Rowlin,Bink,Rowlin,browlinfb@usatoday.com
553,Shelden Shemilt,Shelden,Shemilt,sshemiltfc@apple.com
554,Gardie Mackneis,Gardie,Mackneis,gmackneisfd@usa.gov
555,Viole Fontenot,Viole,Fontenot,vfontenotfe@noaa.gov
556,Jaclin Strathdee,Jaclin,Strathdee,jstrathdeeff@biglobe.ne.jp
557,Kimberlyn Farmery,Kimberlyn,Farmery,kfarmeryfg@freewebs.com
558,Liza Cosford,Liza,Cosford,lcosfordfh@go.com
559,Robbi Scholl,Robbi,Scholl,rschollfi@statcounter.com
560,Mathias Castleman,Mathias,Castleman,mcastlemanfj@free.fr
561,Avivah Thurbon,Avivah,Thurbon,athurbonfk@topsy.com
562,Alex Carvell,Alex,Carvell,acarvellfl@blogs.com
563,Nehemiah Sidle,Nehemiah,Sidle,nsidlefm@simplemachines.org
564,Valaria Sambles,Valaria,Sambles,vsamblesfn@netlog.com
565,Prudi Kirley,Prudi,Kirley,pkirleyfo@hostgator.com
566,Flss Verty,Flss,Verty,fvertyfp@shinystat.com
567,Doloritas Balshen,Doloritas,Balshen,dbalshenfq@uiuc.edu
568,Blaire Jenney,Blaire,Jenney,bjenneyfr@ucoz.com
569,Raymund MacBey,Raymund,MacBey,rmacbeyfs@cmu.edu
570,Cary Stebbing,Cary,Stebbing,cstebbingft@businessweek.com
571,Job Archdeacon,Job,Archdeacon,jarchdeaconfu@craigslist.org
572,Blakelee Look,Blakelee,Look,blookfv@guardian.co.uk
573,Caressa Siaspinski,Caressa,Siaspinski,csiaspinskifw@google.com
574,Caty Leitch,Caty,Leitch,cleitchfx@guardian.co.uk
575,Nickolai Hamer,Nickolai,Hamer,nhamerfy@fotki.com
576,Ellen Austins,Ellen,Austins,eaustinsfz@tinyurl.com
577,Katrinka Wearden,Katrinka,Wearden,kweardeng0@parallels.com
578,Pippo Colerick,Pippo,Colerick,pcolerickg1@networkadvertising.org
579,Crystie MacAndreis,Crystie,MacAndreis,cmacandreisg2@sitemeter.com
580,Pincas Lambswood,Pincas,Lambswood,plambswoodg3@salon.com
581,Carlin Heers,Carlin,Heers,cheersg4@vimeo.com
582,Minnie Maas,Minnie,Maas,mmaasg5@marriott.com
583,Talya Spawell,Talya,Spawell,tspawellg6@tinypic.com
584,Clarette Caddell,Clarette,Caddell,ccaddellg7@histats.com
585,Bibbie Minter,Bibbie,Minter,bminterg8@economist.com
586,Constanta Schmidt,Constanta,Schmidt,cschmidtg9@feedburner.com
587,Judith Fuxman,Judith,Fuxman,jfuxmanga@sfgate.com
588,Falito Ludewig,Falito,Ludewig,fludewiggb@zdnet.com
589,Ivett Pranger,Ivett,Pranger,iprangergc@arizona.edu
590,Tallou Duchatel,Tallou,Duchatel,tduchatelgd@furl.net
591,Sig Eastabrook,Sig,Eastabrook,seastabrookge@sun.com
592,Royce Grinnikov,Royce,Grinnikov,rgrinnikovgf@biglobe.ne.jp
593,Tybie Harrowell,Tybie,Harrowell,tharrowellgg@phpbb.com
594,Lani Gullane,Lani,Gullane,lgullanegh@tripadvisor.com
595,Erika Waren,Erika,Waren,ewarengi@issuu.com
596,Magda Burlingham,Magda,Burlingham,mburlinghamgj@woothemes.com
597,Kerwin Mansion,Kerwin,Mansion,kmansiongk@ehow.com
598,Austine Babst,Austine,Babst,ababstgl@bloglovin.com
599,Dori Trayton,Dori,Trayton,dtraytongm@rediff.com
600,Jojo Di Frisco,Jojo,Di Frisco,jdign@youtube.com
601,Marketa Nestle,Marketa,Nestle,mnestlego@hatena.ne.jp
602,Corabella Leaves,Corabella,Leaves,cleavesgp@businessweek.com
603,Ervin Jinkin,Ervin,Jinkin,ejinkingq@yahoo.com
604,Emmalynn Kilty,Emmalynn,Kilty,ekiltygr@trellian.com
605,Julina Jessard,Julina,Jessard,jjessardgs@sun.com
606,Nari Hunton,Nari,Hunton,nhuntongt@marketwatch.com
607,Maitilde Coche,Maitilde,Coche,mcochegu@census.gov
608,Hans Connechie,Hans,Connechie,hconnechiegv@wisc.edu
609,Scotti Edghinn,Scotti,Edghinn,sedghinngw@bravesites.com
610,Toiboid Jickles,Toiboid,Jickles,tjicklesgx@tinypic.com
611,Jewell Brolly,Jewell,Brolly,jbrollygy@ted.com
612,Egor Fedorski,Egor,Fedorski,efedorskigz@ehow.com
613,Lilah De Bruijne,Lilah,De Bruijne,ldeh0@apache.org
614,Early Grichukhanov,Early,Grichukhanov,egrichukhanovh1@paginegialle.it
615,Courtnay Bedin,Courtnay,Bedin,cbedinh2@pbs.org
616,Ludovika Yeulet,Ludovika,Yeulet,lyeuleth3@digg.com
617,Germaine Whitelock,Germaine,Whitelock,gwhitelockh4@microsoft.com
618,Eldin Arnefield,Eldin,Arnefield,earnefieldh5@photobucket.com
619,Daryl Reedman,Daryl,Reedman,dreedmanh6@shareasale.com
620,Mal Betjeman,Mal,Betjeman,mbetjemanh7@addtoany.com
621,Starlin Harriman,Starlin,Harriman,sharrimanh8@rambler.ru
622,Claudelle Troughton,Claudelle,Troughton,ctroughtonh9@examiner.com
623,Clark McArley,Clark,McArley,cmcarleyha@zimbio.com
624,Willette Dzenisenka,Willette,Dzenisenka,wdzenisenkahb@deviantart.com
625,Renato Manoch,Renato,Manoch,rmanochhc@shareasale.com
626,Emmy Coils,Emmy,Coils,ecoilshd@cpanel.net
627,Sonnnie Farries,Sonnnie,Farries,sfarrieshe@cbslocal.com
628,Kalila Romanetti,Kalila,Romanetti,kromanettihf@cdbaby.com
629,Verile Kewley,Verile,Kewley,vkewleyhg@google.com.au
630,Nananne Scamerdine,Nananne,Scamerdine,nscamerdinehh@oakley.com
631,Marven McAline,Marven,McAline,mmcalinehi@msu.edu
632,Goldie Casin,Goldie,Casin,gcasinhj@berkeley.edu
633,Grenville Turbitt,Grenville,Turbitt,gturbitthk@spiegel.de
634,Linnell Reddell,Linnell,Reddell,lreddellhl@imgur.com
635,Merna Boness,Merna,Boness,mbonesshm@example.com
636,Raf McMurthy,Raf,McMurthy,rmcmurthyhn@spotify.com
637,Rosco Caven,Rosco,Caven,rcavenho@eventbrite.com
638,Nicko Ballin,Nicko,Ballin,nballinhp@gravatar.com
639,Gerrilee Gilliard,Gerrilee,Gilliard,ggilliardhq@oracle.com
640,Leilah Andreasson,Leilah,Andreasson,landreassonhr@privacy.gov.au
641,Anitra Boswood,Anitra,Boswood,aboswoodhs@imageshack.us
642,Thibaut Rickards,Thibaut,Rickards,trickardsht@wikia.com
643,Ula Fleischmann,Ula,Fleischmann,ufleischmannhu@issuu.com
644,Inga Placido,Inga,Placido,iplacidohv@latimes.com
645,Maurizia Rottcher,Maurizia,Rottcher,mrottcherhw@constantcontact.com
646,Dicky O'Farrell,Dicky,O'Farrell,dofarrellhx@geocities.com
647,Hewet Arney,Hewet,Arney,harneyhy@nymag.com
648,Sarene Butters,Sarene,Butters,sbuttershz@apple.com
649,Elijah Rable,Elijah,Rable,erablei0@zdnet.com
650,Beitris Conichie,Beitris,Conichie,bconichiei1@freewebs.com
651,Clark McVittie,Clark,McVittie,cmcvittiei2@upenn.edu
652,Wanda Oloshkin,Wanda,Oloshkin,woloshkini3@google.de
653,Randa McCurt,Randa,McCurt,rmccurti4@go.com
654,Dacia Brik,Dacia,Brik,dbriki5@narod.ru
655,Erick Caso,Erick,Caso,ecasoi6@t.co
656,Jannel Clemanceau,Jannel,Clemanceau,jclemanceaui7@hugedomains.com
657,Darice Duddle,Darice,Duddle,dduddlei8@miibeian.gov.cn
658,Anne-marie Kiljan,Anne-marie,Kiljan,akiljani9@cocolog-nifty.com
659,Trent Flawith,Trent,Flawith,tflawithia@skype.com
660,Fabiano Adshed,Fabiano,Adshed,fadshedib@vistaprint.com
661,Ennis Costello,Ennis,Costello,ecostelloic@state.gov
662,Emilio Mielnik,Emilio,Mielnik,emielnikid@springer.com
663,Scotty Revelle,Scotty,Revelle,srevelleie@cmu.edu
664,Balduin Le Barre,Balduin,Le Barre,bleif@senate.gov
665,Eddie Kolodziejski,Eddie,Kolodziejski,ekolodziejskiig@unc.edu
666,Lelah Oddey,Lelah,Oddey,loddeyih@aboutads.info
667,Onfroi Graben,Onfroi,Graben,ograbenii@csmonitor.com
668,Fonsie Tofano,Fonsie,Tofano,ftofanoij@yahoo.co.jp
669,Demetrius Pashba,Demetrius,Pashba,dpashbaik@wikimedia.org
670,Amabelle Leindecker,Amabelle,Leindecker,aleindeckeril@accuweather.com
671,Tymothy Gibbie,Tymothy,Gibbie,tgibbieim@google.com.hk
672,Sander Arkley,Sander,Arkley,sarkleyin@bbb.org
673,Marja Towersey,Marja,Towersey,mtowerseyio@usgs.gov
674,Leone Itzcovichch,Leone,Itzcovichch,litzcovichchip@histats.com
675,Astra Karlsen,Astra,Karlsen,akarlseniq@digg.com
676,Eduino O'Nowlan,Eduino,O'Nowlan,eonowlanir@addtoany.com
677,Eugene Carl,Eugene,Carl,ecarlis@privacy.gov.au
678,Darnall Pitherick,Darnall,Pitherick,dpitherickit@theatlantic.com
679,Paten Lindholm,Paten,Lindholm,plindholmiu@uiuc.edu
680,Ashil Auchterlony,Ashil,Auchterlony,aauchterlonyiv@163.com
681,Esme Bodell,Esme,Bodell,ebodelliw@alexa.com
682,Talya Layson,Talya,Layson,tlaysonix@yahoo.co.jp
683,Link Arnaudet,Link,Arnaudet,larnaudetiy@marriott.com
684,Zonda Hrinchenko,Zonda,Hrinchenko,zhrinchenkoiz@pcworld.com
685,Averyl Coat,Averyl,Coat,acoatj0@imageshack.us
686,Marleah Almack,Marleah,Almack,malmackj1@tmall.com
687,Cherida Heale,Cherida,Heale,chealej2@icq.com
688,Moina Lourens,Moina,Lourens,mlourensj3@apple.com
689,Brynn Hughes,Brynn,Hughes,bhughesj4@nba.com
690,Raeann Fitzharris,Raeann,Fitzharris,rfitzharrisj5@google.ca
691,Katleen Leahair,Katleen,Leahair,kleahairj6@drupal.org
692,Guthrey Czapla,Guthrey,Czapla,gczaplaj7@boston.com
693,Blancha Beardwell,Blancha,Beardwell,bbeardwellj8@i2i.jp
694,Evelyn Chauvey,Evelyn,Chauvey,echauveyj9@opera.com
695,Regine Davenall,Regine,Davenall,rdavenallja@usa.gov
696,Arel Kopecka,Arel,Kopecka,akopeckajb@networkadvertising.org
697,Gauthier Larvin,Gauthier,Larvin,glarvinjc@baidu.com
698,Jermaine Bindon,Jermaine,Bindon,jbindonjd@smugmug.com
699,Valentine Alden,Valentine,Alden,valdenje@ustream.tv
700,Robby McComish,Robby,McComish,rmccomishjf@ow.ly
701,Shaw Elsmere,Shaw,Elsmere,selsmerejg@ycombinator.com
702,Isobel Gossan,Isobel,Gossan,igossanjh@state.gov
703,Harv Rushby,Harv,Rushby,hrushbyji@163.com
704,Herman Stonham,Herman,Stonham,hstonhamjj@vistaprint.com
705,Robin Robottom,Robin,Robottom,rrobottomjk@sitemeter.com
706,Sallyann McCurlye,Sallyann,McCurlye,smccurlyejl@earthlink.net
707,Lurette Schooling,Lurette,Schooling,lschoolingjm@hp.com
708,Ferguson Gason,Ferguson,Gason,fgasonjn@people.com.cn
709,Jodie Woodard,Jodie,Woodard,jwoodardjo@vimeo.com
710,Eugenie Budnik,Eugenie,Budnik,ebudnikjp@bloomberg.com
711,Chev Margetson,Chev,Margetson,cmargetsonjq@irs.gov
712,Lisetta Parlor,Lisetta,Parlor,lparlorjr@quantcast.com
713,Hy Meddings,Hy,Meddings,hmeddingsjs@dion.ne.jp
714,Daven Hurl,Daven,Hurl,dhurljt@hostgator.com
715,Melloney Walrond,Melloney,Walrond,mwalrondju@behance.net
716,Sissy Tennewell,Sissy,Tennewell,stennewelljv@msn.com
717,Cosimo Betke,Cosimo,Betke,cbetkejw@ebay.co.uk
718,Eugenie Philot,Eugenie,Philot,ephilotjx@whitehouse.gov
719,Clayborn Mogra,Clayborn,Mogra,cmograjy@over-blog.com
720,Elroy Rabidge,Elroy,Rabidge,erabidgejz@themeforest.net
721,Wilden Gossage,Wilden,Gossage,wgossagek0@wikipedia.org
722,Dickie Brealey,Dickie,Brealey,dbrealeyk1@cargocollective.com
723,Tammie Breckell,Tammie,Breckell,tbreckellk2@msn.com
724,Bendix Addie,Bendix,Addie,baddiek3@bizjournals.com
725,Carlene Harbin,Carlene,Harbin,charbink4@typepad.com
726,Ranique Aldington,Ranique,Aldington,raldingtonk5@etsy.com
727,Gerianne Oddie,Gerianne,Oddie,goddiek6@feedburner.com
728,Kissie Wrates,Kissie,Wrates,kwratesk7@linkedin.com
729,Svend Alejandri,Svend,Alejandri,salejandrik8@senate.gov
730,Kathryne Shay,Kathryne,Shay,kshayk9@123-reg.co.uk
731,Adela Tyres,Adela,Tyres,atyreska@imdb.com
732,Lynsey Heminsley,Lynsey,Heminsley,lheminsleykb@shinystat.com
733,Cesaro Arbuckel,Cesaro,Arbuckel,carbuckelkc@soup.io
734,Ricky O'Kenny,Ricky,O'Kenny,rokennykd@homestead.com
735,Cathee D'eath,Cathee,D'eath,cdeathke@symantec.com
736,Augusto Scintsbury,Augusto,Scintsbury,ascintsburykf@economist.com
737,Jorey Buller,Jorey,Buller,jbullerkg@fda.gov
738,Christye Brognot,Christye,Brognot,cbrognotkh@jimdo.com
739,Gibbie Seville,Gibbie,Seville,gsevilleki@cam.ac.uk
740,Ingra Dow,Ingra,Dow,idowkj@usa.gov
741,Gerti Pendlington,Gerti,Pendlington,gpendlingtonkk@mozilla.com
742,Auguste Tonkin,Auguste,Tonkin,atonkinkl@phpbb.com
743,Corette Sibbert,Corette,Sibbert,csibbertkm@miitbeian.gov.cn
744,Blair Buye,Blair,Buye,bbuyekn@shutterfly.com
745,Gael Guiver,Gael,Guiver,gguiverko@eventbrite.com
746,Lu Lamba,Lu,Lamba,llambakp@pen.io
747,Teodora Bontoft,Teodora,Bontoft,tbontoftkq@weebly.com
748,Thane Meehan,Thane,Meehan,tmeehankr@imageshack.us
749,Monroe Wardale,Monroe,Wardale,mwardaleks@disqus.com
750,Fionna Geertsen,Fionna,Geertsen,fgeertsenkt@reddit.com
751,Keenan Auld,Keenan,Auld,kauldku@pagesperso-orange.fr
752,Phylis Gillean,Phylis,Gillean,pgilleankv@cyberchimps.com
753,Happy Le Ball,Happy,Le Ball,hlekw@loc.gov
754,Cassy Kingsnoad,Cassy,Kingsnoad,ckingsnoadkx@blogger.com
755,Rodd Sigmund,Rodd,Sigmund,rsigmundky@histats.com
756,Magdalen Rennison,Magdalen,Rennison,mrennisonkz@cocolog-nifty.com
757,Lynnet Brookesbie,Lynnet,Brookesbie,lbrookesbiel0@weibo.com
758,Carleton Dilleston,Carleton,Dilleston,cdillestonl1@sciencedirect.com
759,Kayla Bareford,Kayla,Bareford,kbarefordl2@stumbleupon.com
760,Erv McGilvary,Erv,McGilvary,emcgilvaryl3@ibm.com
761,Celia Panner,Celia,Panner,cpannerl4@epa.gov
762,Sarajane Speck,Sarajane,Speck,sspeckl5@youku.com
763,Del Swetland,Del,Swetland,dswetlandl6@wisc.edu
764,Freddie Fruen,Freddie,Fruen,ffruenl7@pagesperso-orange.fr
765,Nollie Jaksic,Nollie,Jaksic,njaksicl8@sfgate.com
766,Rona Bertie,Rona,Bertie,rbertiel9@histats.com
767,Lenci Shoesmith,Lenci,Shoesmith,lshoesmithla@cbc.ca
768,Audre Ajean,Audre,Ajean,aajeanlb@shutterfly.com
769,Amalle Form,Amalle,Form,aformlc@mlb.com
770,Briney Calderwood,Briney,Calderwood,bcalderwoodld@telegraph.co.uk
771,Koren Romera,Koren,Romera,kromerale@delicious.com
772,Maximilian Cornillot,Maximilian,Cornillot,mcornillotlf@unesco.org
773,Perle Erskine Sandys,Perle,Erskine Sandys,perskinelg@wunderground.com
774,Abbye Allgood,Abbye,Allgood,aallgoodlh@qq.com
775,Serge Loudwell,Serge,Loudwell,sloudwellli@blogger.com
776,Rosalynd Froment,Rosalynd,Froment,rfromentlj@com.com
777,Artur Edwick,Artur,Edwick,aedwicklk@jalbum.net
778,Alejoa Canto,Alejoa,Canto,acantoll@wunderground.com
779,Bernete Behneke,Bernete,Behneke,bbehnekelm@mayoclinic.com
780,Josefa Fallowes,Josefa,Fallowes,jfallowesln@marriott.com
781,Anne Litherborough,Anne,Litherborough,alitherboroughlo@cbc.ca
782,Tonnie Roark,Tonnie,Roark,troarklp@sun.com
783,Dix Scotchmer,Dix,Scotchmer,dscotchmerlq@elpais.com
784,Aidan Winchcombe,Aidan,Winchcombe,awinchcombelr@1und1.de
785,Sigmund Spurden,Sigmund,Spurden,sspurdenls@boston.com
786,Giuseppe Chattaway,Giuseppe,Chattaway,gchattawaylt@reuters.com
787,Filberte Vankin,Filberte,Vankin,fvankinlu@technorati.com
788,Cher Oddie,Cher,Oddie,coddielv@taobao.com
789,Delbert Dowdell,Delbert,Dowdell,ddowdelllw@moonfruit.com
790,Tallia Brunt,Tallia,Brunt,tbruntlx@blinklist.com
791,Gerard Cartner,Gerard,Cartner,gcartnerly@house.gov
792,Anitra MacMenamin,Anitra,MacMenamin,amacmenaminlz@hugedomains.com
793,Bell Craxford,Bell,Craxford,bcraxfordm0@columbia.edu
794,Loralyn Onion,Loralyn,Onion,lonionm1@newyorker.com
795,Braden Vasyaev,Braden,Vasyaev,bvasyaevm2@microsoft.com
796,Blondell MacRorie,Blondell,MacRorie,bmacroriem3@w3.org
797,Filia Blackboro,Filia,Blackboro,fblackborom4@hatena.ne.jp
798,Hubert Canton,Hubert,Canton,hcantonm5@guardian.co.uk
799,Delmor Piddlehinton,Delmor,Piddlehinton,dpiddlehintonm6@cloudflare.com
800,Elmo Orta,Elmo,Orta,eortam7@economist.com
801,Gabi De Giorgio,Gabi,De Giorgio,gdem8@ca.gov
802,Vanessa Neilus,Vanessa,Neilus,vneilusm9@sourceforge.net
803,Garrik Fransman,Garrik,Fransman,gfransmanma@umn.edu
804,Thorin Clamp,Thorin,Clamp,tclampmb@paginegialle.it
805,Rockie McFadyen,Rockie,McFadyen,rmcfadyenmc@ihg.com
806,Llywellyn Bettles,Llywellyn,Bettles,lbettlesmd@icio.us
807,Hermine Grzegorczyk,Hermine,Grzegorczyk,hgrzegorczykme@gravatar.com
808,Susie Bownes,Susie,Bownes,sbownesmf@symantec.com
809,Martha Wretham,Martha,Wretham,mwrethammg@ezinearticles.com
810,Ker Mattia,Ker,Mattia,kmattiamh@paypal.com
811,Ara Pickford,Ara,Pickford,apickfordmi@guardian.co.uk
812,Jacky Streak,Jacky,Streak,jstreakmj@ameblo.jp
813,Marietta Fullagar,Marietta,Fullagar,mfullagarmk@yandex.ru
814,Tommi Hostan,Tommi,Hostan,thostanml@domainmarket.com
815,Starlin Raymont,Starlin,Raymont,sraymontmm@foxnews.com
816,Paige Broune,Paige,Broune,pbrounemn@bbc.co.uk
817,Noella Sooper,Noella,Sooper,nsoopermo@deviantart.com
818,Gavrielle Macilhench,Gavrielle,Macilhench,gmacilhenchmp@deliciousdays.com
819,Lacy Zebedee,Lacy,Zebedee,lzebedeemq@alibaba.com
820,Jami Goakes,Jami,Goakes,jgoakesmr@hostgator.com
821,Laura Kenna,Laura,Kenna,lkennams@angelfire.com
822,Roderic Ruffell,Roderic,Ruffell,rruffellmt@adobe.com
823,Gerrie Proback,Gerrie,Proback,gprobackmu@jiathis.com
824,Kyle Fowell,Kyle,Fowell,kfowellmv@bravesites.com
825,Yorgo Dorward,Yorgo,Dorward,ydorwardmw@tiny.cc
826,Candida Sugarman,Candida,Sugarman,csugarmanmx@rambler.ru
827,Drud Knapton,Drud,Knapton,dknaptonmy@irs.gov
828,Reinaldos Pykett,Reinaldos,Pykett,rpykettmz@vkontakte.ru
829,Langsdon Hubbard,Langsdon,Hubbard,lhubbardn0@flickr.com
830,Sonny Kenewel,Sonny,Kenewel,skeneweln1@paginegialle.it
831,Candy Shegog,Candy,Shegog,cshegogn2@sakura.ne.jp
832,Gabbey Broinlich,Gabbey,Broinlich,gbroinlichn3@aol.com
833,Elnora Delafoy,Elnora,Delafoy,edelafoyn4@dell.com
834,Wilfrid Sawfoot,Wilfrid,Sawfoot,wsawfootn5@npr.org
835,Eleanora Klamman,Eleanora,Klamman,eklammann6@lulu.com
836,Huntlee Jiruca,Huntlee,Jiruca,hjirucan7@surveymonkey.com
837,Marjie Partridge,Marjie,Partridge,mpartridgen8@dagondesign.com
838,Allie Spleving,Allie,Spleving,asplevingn9@4shared.com
839,Caitrin Cattroll,Caitrin,Cattroll,ccattrollna@weather.com
840,Sherwin Ditter,Sherwin,Ditter,sditternb@mac.com
841,Daniele Mc Ilwrick,Daniele,Mc Ilwrick,dmcnc@theatlantic.com
842,Ker Inglefield,Ker,Inglefield,kinglefieldnd@house.gov
843,Selig Croutear,Selig,Croutear,scroutearne@jalbum.net
844,Alvira Whannel,Alvira,Whannel,awhannelnf@blogtalkradio.com
845,Welch Label,Welch,Label,wlabelng@usda.gov
846,Jacenta Andras,Jacenta,Andras,jandrasnh@columbia.edu
847,Michale Corneliussen,Michale,Corneliussen,mcorneliussenni@skyrock.com
848,Melisenda Dorbon,Melisenda,Dorbon,mdorbonnj@uol.com.br
849,Salim McDonough,Salim,McDonough,smcdonoughnk@cbsnews.com
850,Tan Mattosoff,Tan,Mattosoff,tmattosoffnl@blogs.com
851,Serene Shapero,Serene,Shapero,sshaperonm@virginia.edu
852,Davina Camilleri,Davina,Camilleri,dcamillerinn@nbcnews.com
853,Velma Bellon,Velma,Bellon,vbellonno@printfriendly.com
854,Brandice Leipelt,Brandice,Leipelt,bleipeltnp@desdev.cn
855,Gerladina Eouzan,Gerladina,Eouzan,geouzannq@cargocollective.com
856,Tiffy Jacomb,Tiffy,Jacomb,tjacombnr@ucla.edu
857,Art Wolfe,Art,Wolfe,awolfens@springer.com
858,Caitrin Danks,Caitrin,Danks,cdanksnt@sitemeter.com
859,Gardie Duchart,Gardie,Duchart,gduchartnu@hud.gov
860,Bevvy Rickets,Bevvy,Rickets,bricketsnv@addtoany.com
861,Rriocard Tilbrook,Rriocard,Tilbrook,rtilbrooknw@flickr.com
862,Tirrell Moreland,Tirrell,Moreland,tmorelandnx@apache.org
863,Chaddie Rangle,Chaddie,Rangle,crangleny@booking.com
864,Bren Rodinger,Bren,Rodinger,brodingernz@pinterest.com
865,Sheela Molan,Sheela,Molan,smolano0@issuu.com
866,Rinaldo Masarrat,Rinaldo,Masarrat,rmasarrato1@virginia.edu
867,Stan Arrowsmith,Stan,Arrowsmith,sarrowsmitho2@nytimes.com
868,Cherilynn Butting,Cherilynn,Butting,cbuttingo3@youku.com
869,Tommi Ramplee,Tommi,Ramplee,trampleeo4@tripadvisor.com
870,Aaren Addis,Aaren,Addis,aaddiso5@google.com.br
871,Halsey Porrett,Halsey,Porrett,hporretto6@google.nl
872,Doug Stienham,Doug,Stienham,dstienhamo7@sohu.com
873,Nolan Schiefersten,Nolan,Schiefersten,nschiefersteno8@posterous.com
874,Harley Weathey,Harley,Weathey,hweatheyo9@shutterfly.com
875,Evin Saltman,Evin,Saltman,esaltmanoa@google.de
876,Adolpho Von Der Empten,Adolpho,Von Der Empten,avonob@usnews.com
877,Levin Phin,Levin,Phin,lphinoc@bravesites.com
878,Pascale Wickett,Pascale,Wickett,pwickettod@census.gov
879,Cassi Stack,Cassi,Stack,cstackoe@github.io
880,Terrell Dyble,Terrell,Dyble,tdybleof@alexa.com
881,Pearl Ayrs,Pearl,Ayrs,payrsog@google.ca
882,Ray Collelton,Ray,Collelton,rcolleltonoh@wsj.com
883,Lurette Frazier,Lurette,Frazier,lfrazieroi@ucsd.edu
884,Saxe D'Errico,Saxe,D'Errico,sderricooj@google.com.hk
885,Crin Matysik,Crin,Matysik,cmatysikok@dmoz.org
886,Kennett Nuttey,Kennett,Nuttey,knutteyol@skyrock.com
887,Silas Kilius,Silas,Kilius,skiliusom@dailymotion.com
888,Garrot Annett,Garrot,Annett,gannetton@nytimes.com
889,Rozele Felton,Rozele,Felton,rfeltonoo@ezinearticles.com
890,Laurel O'Longain,Laurel,O'Longain,lolongainop@stumbleupon.com
891,Berton Bushell,Berton,Bushell,bbushelloq@nhs.uk
892,Novelia Marcu,Novelia,Marcu,nmarcuor@cmu.edu
893,Nanny Galero,Nanny,Galero,ngaleroos@ezinearticles.com
894,Minni Botterell,Minni,Botterell,mbotterellot@sakura.ne.jp
895,Dyann Bickley,Dyann,Bickley,dbickleyou@cocolog-nifty.com
896,Erroll Cutriss,Erroll,Cutriss,ecutrissov@moonfruit.com
897,Sholom Soldner,Sholom,Soldner,ssoldnerow@dropbox.com
898,Susan Housecroft,Susan,Housecroft,shousecroftox@infoseek.co.jp
899,Westley Fairburne,Westley,Fairburne,wfairburneoy@wikispaces.com
900,Gerda Puddifer,Gerda,Puddifer,gpuddiferoz@gov.uk
901,Clay Rosencwaig,Clay,Rosencwaig,crosencwaigp0@utexas.edu
902,Hernando Wegner,Hernando,Wegner,hwegnerp1@java.com
903,Reggie Vannuchi,Reggie,Vannuchi,rvannuchip2@java.com
904,Suzann Carriage,Suzann,Carriage,scarriagep3@imdb.com
905,Anna-diane Golds,Anna-diane,Golds,agoldsp4@dell.com
906,Belia McDyer,Belia,McDyer,bmcdyerp5@independent.co.uk
907,Gwynne Ceeley,Gwynne,Ceeley,gceeleyp6@wired.com
908,Nealson Springthorp,Nealson,Springthorp,nspringthorpp7@i2i.jp
909,Gawen Snookes,Gawen,Snookes,gsnookesp8@mlb.com
910,Emelen Campany,Emelen,Campany,ecampanyp9@hostgator.com
911,Winthrop Syers,Winthrop,Syers,wsyerspa@ebay.com
912,Maurise Backwell,Maurise,Backwell,mbackwellpb@archive.org
913,Artie MacCrachen,Artie,MacCrachen,amaccrachenpc@icq.com
914,Gaelan Coster,Gaelan,Coster,gcosterpd@ucoz.ru
915,Gwendolin Sprague,Gwendolin,Sprague,gspraguepe@reverbnation.com
916,Titos Espinosa,Titos,Espinosa,tespinosapf@va.gov
917,Alessandro Bowle,Alessandro,Bowle,abowlepg@icq.com
918,Carine De Vere,Carine,De Vere,cdeph@apache.org
919,Cordelia Treneman,Cordelia,Treneman,ctrenemanpi@liveinternet.ru
920,Martina Adderson,Martina,Adderson,maddersonpj@uol.com.br
921,Antoni Warne,Antoni,Warne,awarnepk@dailymotion.com
922,Bartolomeo Crichmer,Bartolomeo,Crichmer,bcrichmerpl@accuweather.com
923,Holly Baggallay,Holly,Baggallay,hbaggallaypm@about.com
924,Doyle Corstorphine,Doyle,Corstorphine,dcorstorphinepn@so-net.ne.jp
925,Merwyn Garment,Merwyn,Garment,mgarmentpo@sitemeter.com
926,Stu Francis,Stu,Francis,sfrancispp@storify.com
927,Annabela Fronzek,Annabela,Fronzek,afronzekpq@thetimes.co.uk
928,Aurel Gazzard,Aurel,Gazzard,agazzardpr@bizjournals.com
929,Veronique Muccino,Veronique,Muccino,vmuccinops@istockphoto.com
930,Charity Glandfield,Charity,Glandfield,cglandfieldpt@about.com
931,Eulalie Murdy,Eulalie,Murdy,emurdypu@digg.com
932,Anne-marie Goundsy,Anne-marie,Goundsy,agoundsypv@webmd.com
933,Ira Kidde,Ira,Kidde,ikiddepw@canalblog.com
934,Hershel Charnick,Hershel,Charnick,hcharnickpx@yahoo.com
935,Darrelle Mounch,Darrelle,Mounch,dmounchpy@amazon.co.uk
936,Glyn Pibworth,Glyn,Pibworth,gpibworthpz@prweb.com
937,Griswold Platt,Griswold,Platt,gplattq0@mozilla.com
938,Verla Crookshanks,Verla,Crookshanks,vcrookshanksq1@usatoday.com
939,Drusilla Dmytryk,Drusilla,Dmytryk,ddmytrykq2@wikipedia.org
940,Araldo Browne,Araldo,Browne,abrowneq3@facebook.com
941,Spense Rounding,Spense,Rounding,sroundingq4@va.gov
942,Danni Kilduff,Danni,Kilduff,dkilduffq5@yahoo.co.jp
943,Natka Tym,Natka,Tym,ntymq6@feedburner.com
944,Forester Pietzner,Forester,Pietzner,fpietznerq7@technorati.com
945,Blayne Brister,Blayne,Brister,bbristerq8@amazonaws.com
946,Oliy Gooms,Oliy,Gooms,ogoomsq9@japanpost.jp
947,Jefferson Byer,Jefferson,Byer,jbyerqa@meetup.com
948,Fawn Siemantel,Fawn,Siemantel,fsiemantelqb@statcounter.com
949,Stevie Tynemouth,Stevie,Tynemouth,stynemouthqc@buzzfeed.com
950,Damiano Wayt,Damiano,Wayt,dwaytqd@e-recht24.de
951,Andie Yukhnini,Andie,Yukhnini,ayukhniniqe@google.de
952,Catriona Deedes,Catriona,Deedes,cdeedesqf@usa.gov
953,Tasha Rookledge,Tasha,Rookledge,trookledgeqg@blog.com
954,Kane Hallbord,Kane,Hallbord,khallbordqh@ucla.edu
955,Jerrold Yude,Jerrold,Yude,jyudeqi@lycos.com
956,Joanna Townley,Joanna,Townley,jtownleyqj@zdnet.com
957,Meaghan Crookston,Meaghan,Crookston,mcrookstonqk@linkedin.com
958,Christina Kopecka,Christina,Kopecka,ckopeckaql@netlog.com
959,Paige Rulten,Paige,Rulten,prultenqm@ifeng.com
960,Towny Skamal,Towny,Skamal,tskamalqn@aboutads.info
961,Bengt Comelli,Bengt,Comelli,bcomelliqo@jiathis.com
962,Marion Guilbert,Marion,Guilbert,mguilbertqp@spotify.com
963,Elsie Lakeland,Elsie,Lakeland,elakelandqq@mtv.com
964,Stafford Duffill,Stafford,Duffill,sduffillqr@webnode.com
965,Alphonso Hutchence,Alphonso,Hutchence,ahutchenceqs@ft.com
966,Devon Grishaev,Devon,Grishaev,dgrishaevqt@bloglines.com
967,Berkeley Gettins,Berkeley,Gettins,bgettinsqu@comsenz.com
968,Audre Imort,Audre,Imort,aimortqv@wsj.com
969,Annabell Rhubottom,Annabell,Rhubottom,arhubottomqw@unicef.org
970,Gilli Di Franceshci,Gilli,Di Franceshci,gdiqx@eventbrite.com
971,Piggy Costin,Piggy,Costin,pcostinqy@amazon.com
972,Marigold Dalgety,Marigold,Dalgety,mdalgetyqz@comsenz.com
973,Valentina Meese,Valentina,Meese,vmeeser0@studiopress.com
974,Helaine O'Scannill,Helaine,O'Scannill,hoscannillr1@list-manage.com
975,Marissa Alpes,Marissa,Alpes,malpesr2@ustream.tv
976,Marybelle Lipgens,Marybelle,Lipgens,mlipgensr3@github.io
977,Pearla Breckenridge,Pearla,Breckenridge,pbreckenridger4@multiply.com
978,Kaile Goodsell,Kaile,Goodsell,kgoodsellr5@theglobeandmail.com
979,Francisca Coltart,Francisca,Coltart,fcoltartr6@wikia.com
980,Elsworth Curlis,Elsworth,Curlis,ecurlisr7@blogspot.com
981,Dene Whitsey,Dene,Whitsey,dwhitseyr8@bloglovin.com
982,Timmy Berthomieu,Timmy,Berthomieu,tberthomieur9@amazon.co.jp
983,Blinny Chretien,Blinny,Chretien,bchretienra@netlog.com
984,Klemens Batrop,Klemens,Batrop,kbatroprb@spotify.com
985,Livvy Hryniewicz,Livvy,Hryniewicz,lhryniewiczrc@wisc.edu
986,Marcelline Libbey,Marcelline,Libbey,mlibbeyrd@sciencedaily.com
987,Vallie Rentoll,Vallie,Rentoll,vrentollre@google.nl
988,Susanne Leedes,Susanne,Leedes,sleedesrf@arstechnica.com
989,Kacy Rapport,Kacy,Rapport,krapportrg@paypal.com
990,Natasha Gawthrope,Natasha,Gawthrope,ngawthroperh@com.com
991,Genia Iddison,Genia,Iddison,giddisonri@ucoz.com
992,Berni Steely,Berni,Steely,bsteelyrj@springer.com
993,Dale Grenville,Dale,Grenville,dgrenvillerk@elpais.com
994,Guglielmo Cardillo,Guglielmo,Cardillo,gcardillorl@vkontakte.ru
995,Kane Braxay,Kane,Braxay,kbraxayrm@telegraph.co.uk
996,Andreas Dayes,Andreas,Dayes,adayesrn@craigslist.org
997,Tyrone Vallender,Tyrone,Vallender,tvallenderro@ebay.com
998,Brittni Nansom,Brittni,Nansom,bnansomrp@goodreads.com
999,Goraud MacWhirter,Goraud,MacWhirter,gmacwhirterrq@quantcast.com
1000,Filberte Derl,Filberte,Derl,fderlrr@senate.gov
